{
  "project_info": {
    "project_number": "581393162093",
    "project_id": "calltracker-c0695",
    "storage_bucket": "calltracker-c0695.firebasestorage.app"
  },
  "client": [
    {
      "client_info": {
        "mobilesdk_app_id": "1:581393162093:android:25998ca23824a628194464",
        "android_client_info": {
          "package_name": "com.example.call_tracker"
        }
      },
      "oauth_client": [],
      "api_key": [
        {
          "current_key": "AIzaSyA6fC6H0XLufMXZF3weNIlcof92DrGDuBc"
        }
      ],
      "services": {
        "appinvite_service": {
          "other_platform_oauth_client": []
        }
      }
    }
  ],
  "configuration_version": "1"
}